"2021/09/01","テスト2","通信","カード",5445
"2021/09/01","テスト3","住まい","現金",10000
"2021/09/03","テスト5","交際費","カード",1117
"2021/09/05","テスト6","娯楽","カード",375
"2021/09/06","テスト7","通信","カード",17332
"2021/09/07","テスト8","通信","カード",3159
"2021/09/07","テスト5","ファッション","カード",1270
"2021/09/08","テスト5","食費","カード",689
"2021/09/10","テスト5","食費","カード",1347
"2021/09/13","テスト7","通信","カード",417
"2021/09/13","テスト11","交際費","カード",1054
"2021/09/13","テスト10","娯楽","カード",1337
"2021/09/14","テスト6","通信","カード",7840
"2021/09/19","テスト12","交通","カード",10725
"2021/09/21","テスト7","娯楽","カード",1257
"2021/09/23","テスト5","娯楽","カード",814
"2021/09/25","テスト13","交通","現金",924
"2021/09/26","テスト6","娯楽","カード",3328
"2021/09/26","テスト11","交際費","カード",595
"2021/09/26","テスト6","娯楽","カード",7840
"2021/09/26","テスト6","通信","カード",7350
"2021/09/29","テスト5","日用品","カード",1321
"2021/10/01","テスト2","通信","カード",5445
"2021/10/01","テスト3","住まい","現金",20000
"2021/10/01","テスト7","通信","カード",5833
"2021/10/02","テスト6","通信","カード",1470
"2021/10/02","テスト7","通信","カード",5310
"2021/10/02","テスト11","食費","カード",1132
"2021/10/04","テスト7","娯楽","カード",881
"2021/10/04","テスト11","ファッション","カード",1386
"2021/10/05","テスト7","通信","カード",918
"2021/10/07","テスト5","食費","カード",867
"2021/10/09","テスト11","水道・光熱","カード",13892
"2021/10/10","テスト11","日用品","カード",1868
"2021/10/11","テスト7","通信","カード",6518
"2021/10/11","テスト8","娯楽","カード",3942
"2021/10/12","テスト7","通信","カード",3004
"2021/10/12","テスト6","娯楽","カード",102
"2021/10/13","テスト5","日用品","カード",1355
"2021/10/13","テスト10","娯楽","カード",1337
"2021/10/14","テスト5","食費","カード",1691
"2021/10/17","テスト11","ファッション","カード",1552
"2021/10/18","テスト7","娯楽","カード",1944
"2021/10/20","テスト10","娯楽","カード",2139
"2021/10/20","テスト10","娯楽","カード",3069
"2021/10/20","テスト11","日用品","カード",2083
"2021/10/20","テスト10","通信","カード",4347
"2021/10/20","テスト10","娯楽","カード",1019
"2021/10/22","テスト10","娯楽","カード",2461
"2021/10/22","テスト11","交際費","カード",1918
"2021/10/24","テスト11","ファッション","カード",2122
"2021/10/24","テスト10","娯楽","カード",1126
"2021/10/26","テスト8","通信","カード",2926
"2021/10/26","テスト11","食費","カード",2046
"2021/10/27","テスト11","ファッション","カード",2094
"2021/10/27","テスト6","娯楽","カード",123
"2021/10/27","テスト6","通信","カード",735
"2021/10/31","テスト6","娯楽","カード",3660
"2021/10/31","テスト11","日用品","カード",1062
"2021/11/01","テスト6","通信","カード",1568
"2021/11/01","テスト7","通信","カード",3556
"2021/11/01","テスト2","通信","カード",5445
"2021/11/01","テスト3","住まい","現金",20000
"2021/11/02","テスト6","娯楽","カード",7530
"2021/11/05","テスト7","通信","カード",300
"2021/11/07","テスト6","娯楽","カード",8032
"2021/11/07","テスト6","通信","カード",3660
"2021/11/09","テスト11","水道・光熱","カード",11361
"2021/11/10","テスト7","娯楽","カード",1980
"2021/11/12","テスト11","交際費","カード",2592
"2021/11/13","テスト10","通信","カード",1337
"2021/11/19","テスト12","交通","カード",11440
"2021/11/19","テスト7","通信","カード",5775
"2021/11/23","テスト6","通信","カード",375
"2021/11/23","テスト22","娯楽","カード",2880
"2021/11/23","テスト11","ファッション","カード",1945
"2021/11/25","テスト10","通信","カード",1188
"2021/11/26","テスト6","通信","カード",1568
"2021/11/28","テスト5","日用品","カード",2083
"2021/11/29","テスト11","交際費","カード",2203
"2021/11/30","テスト6","娯楽","カード",7320
"2021/11/30","テスト6","通信","カード",7840
"2021/11/30","テスト6","通信","カード",7840
"2021/12/01","テスト3","住まい","現金",10000
"2021/12/01","テスト6","娯楽","カード",1568
"2021/12/01","テスト2","通信","カード",5445
"2021/12/01","テスト20","水道・光熱","現金",6000
"2021/12/04","テスト8","娯楽","カード",7016
"2021/12/04","テスト8","娯楽","カード",6382
"2021/12/08","テスト11","水道・光熱","カード",11188
"2021/12/08","テスト11","交際費","カード",2535
"2021/12/13","テスト10","通信","カード",1254
"2021/12/13","テスト11","食費","カード",1409
"2021/12/15","テスト11","食費","カード",1316
"2021/12/16","テスト15","交際費","カード",2007
"2021/12/16","テスト11","日用品","カード",640
"2021/12/17","テスト15","日用品","カード",2208
"2021/12/17","テスト11","交際費","カード",580
"2021/12/18","テスト15","交際費","カード",2097
"2021/12/18","テスト11","日用品","カード",636
"2021/12/20","テスト15","交際費","カード",1764
"2021/12/20","テスト11","交際費","カード",1942
"2021/12/20","テスト15","日用品","カード",1118
"2021/12/21","テスト15","日用品","カード",1974
"2021/12/21","テスト7","通信","カード",712
"2021/12/22","テスト15","食費","カード",2073
"2021/12/23","テスト15","ファッション","カード",1788
"2021/12/24","テスト15","食費","カード",1104
"2021/12/25","テスト16","交通","カード",10725
"2021/12/26","テスト6","娯楽","カード",1568
"2022/01/01","テスト17","通信","カード",4144
"2022/01/01","テスト3","住まい","現金",10000
"2022/01/01","テスト6","娯楽","カード",1568
"2022/01/01","テスト2","通信","カード",5808
"2022/01/04","テスト6","通信","カード",192
"2022/01/04","テスト11","交際費","カード",1402
"2022/01/05","テスト15","交際費","カード",1575
"2022/01/05","テスト15","日用品","カード",1083
"2022/01/06","テスト15","交際費","カード",1048
"2022/01/07","テスト15","交際費","カード",666
"2022/01/07","テスト5","日用品","カード",1256
"2022/01/07","テスト15","日用品","カード",1376
"2022/01/08","テスト19","日用品","カード",694
"2022/01/08","テスト11","水道・光熱","カード",10680
"2022/01/09","テスト15","ファッション","カード",504
"2022/01/09","テスト15","食費","カード",1376
"2022/01/09","テスト18","通信","カード",7714
"2022/01/10","テスト5","ファッション","カード",1974
"2022/01/10","テスト8","娯楽","カード",5667
"2022/01/10","テスト15","食費","カード",1376
"2022/01/10","テスト15","ファッション","カード",873
"2022/01/11","テスト10","娯楽","カード",7667
"2022/01/12","テスト15","ファッション","カード",1161
"2022/01/12","テスト11","食費","カード",1252
"2022/01/13","テスト10","娯楽","カード",1254
"2022/01/13","テスト15","日用品","カード",2040
"2022/01/13","テスト15","交際費","カード",712
"2022/01/13","テスト5","日用品","カード",1657
"2022/01/14","テスト15","日用品","カード",1974
"2022/01/14","テスト5","交際費","カード",697
"2022/01/15","テスト15","交際費","カード",978
"2022/01/17","テスト11","日用品","カード",1846
"2022/01/17","テスト15","交際費","カード",493
"2022/01/17","テスト15","日用品","カード",1376
"2022/01/18","テスト15","ファッション","カード",441
"2022/01/18","テスト15","食費","カード",1070
"2022/01/19","テスト15","ファッション","カード",1290
"2022/01/20","テスト15","食費","カード",2172
"2022/01/20","テスト15","ファッション","カード",1215
"2022/01/20","テスト6","娯楽","カード",300
"2022/01/21","テスト15","ファッション","カード",1588
"2022/01/22","テスト11","食費","カード",432
"2022/01/22","テスト5","食費","カード",1289
"2022/01/22","テスト15","ファッション","カード",1110
"2022/01/22","テスト11","交際費","カード",1917
"2022/01/23","テスト15","交際費","カード",1027
"2022/01/23","テスト15","日用品","カード",1376
"2022/01/24","テスト8","通信","カード",3680
"2022/01/25","テスト6","通信","カード",192
"2022/01/25","テスト5","交際費","カード",1357
"2022/01/25","テスト13","交通","現金",1523
"2022/01/25","テスト15","交際費","カード",1990
"2022/01/26","テスト6","娯楽","カード",1470
"2022/01/26","テスト5","ファッション","カード",819
"2022/01/26","テスト15","日用品","カード",2057
"2022/01/27","テスト15","食費","カード",1910
"2022/01/28","テスト15","食費","カード",764
"2022/01/28","テスト5","ファッション","カード",813
"2022/01/28","テスト15","ファッション","カード",1914
"2022/01/29","テスト15","食費","カード",2288
"2022/01/30","テスト11","ファッション","カード",2167
"2022/01/30","テスト15","食費","カード",2108
"2022/01/31","テスト17","娯楽","カード",1214
"2022/01/31","テスト15","ファッション","カード",1035
"2022/02/01","テスト20","水道・光熱","現金",6400
"2022/02/01","テスト3","住まい","現金",20000
"2022/02/01","テスト6","通信","カード",1568
"2022/02/01","テスト2","通信","カード",5445
"2022/02/02","テスト5","交際費","カード",945
"2022/02/03","テスト17","交際費","カード",3960
"2022/02/03","テスト15","日用品","カード",1958
"2022/02/04","テスト15","交際費","カード",2007
"2022/02/04","テスト5","日用品","カード",830
"2022/02/05","テスト8","通信","カード",3382
"2022/02/05","テスト15","日用品","カード",1811
"2022/02/06","テスト11","水道・光熱","カード",13073
"2022/02/08","テスト15","ファッション","カード",2359
"2022/02/09","テスト5","ファッション","カード",876
"2022/02/09","テスト15","食費","カード",2139
"2022/02/10","テスト15","ファッション","カード",2038
"2022/02/10","テスト5","食費","カード",1065
"2022/02/11","テスト8","娯楽","カード",9216
"2022/02/12","テスト15","食費","カード",2073
"2022/02/12","テスト5","交際費","カード",985
"2022/02/12","テスト6","通信","カード",375
"2022/02/13","テスト10","娯楽","カード",1254
"2022/02/13","テスト15","日用品","カード",1376
"2022/02/13","テスト11","交際費","カード",1003
"2022/02/13","テスト15","日用品","カード",1630
"2022/02/15","テスト15","日用品","カード",1025
"2022/02/15","テスト15","交際費","カード",1914
"2022/02/16","テスト15","日用品","カード",2008
"2022/02/16","テスト15","交際費","カード",822
"2022/02/17","テスト15","日用品","カード",1940
"2022/02/17","テスト5","ファッション","カード",1108
"2022/02/18","テスト15","食費","カード",2140
"2022/02/19","テスト15","ファッション","カード",1789
"2022/02/19","テスト5","食費","カード",1464
"2022/02/21","テスト11","ファッション","カード",1977
"2022/02/21","テスト15","食費","カード",1376
"2022/02/22","テスト15","ファッション","カード",2037
"2022/02/22","テスト5","ファッション","カード",846
"2022/02/22","テスト8","娯楽","カード",2848
"2022/02/22","テスト6","娯楽","カード",400
"2022/02/24","テスト5","日用品","カード",1035
"2022/02/24","テスト15","交際費","カード",1789
"2022/02/25","テスト13","交通","現金",16704
"2022/02/25","テスト10","娯楽","カード",1056
"2022/02/25","テスト15","日用品","カード",1350
"2022/02/25","テスト15","交際費","カード",1960
"2022/02/26","テスト6","娯楽","カード",1470
"2022/02/26","テスト15","日用品","カード",2073
"2022/02/27","テスト11","交際費","カード",2005
"2022/02/27","テスト15","日用品","カード",1312
"2022/03/01","テスト5","食費","カード",1209
"2022/03/01","テスト6","通信","カード",1470
"2022/03/01","テスト15","ファッション","カード",1944
"2022/03/01","テスト3","住まい","現金",20000
"2022/03/01","テスト2","通信","カード",5445
"2022/03/02","テスト15","食費","カード",2105
"2022/03/03","テスト5","食費","カード",1265
"2022/03/03","テスト15","ファッション","カード",1851
"2022/03/04","テスト15","ファッション","カード",1290
"2022/03/05","テスト5","交際費","カード",910
"2022/03/05","テスト15","食費","カード",2208
"2022/03/06","テスト11","水道・光熱","カード",12256
"2022/03/07","テスト15","日用品","カード",1376
"2022/03/07","テスト15","交際費","カード",2319
"2022/03/08","テスト15","日用品","カード",1910
"2022/03/08","テスト5","交際費","カード",1401
"2022/03/09","テスト15","交際費","カード",1912
"2022/03/09","テスト5","日用品","カード",1041
"2022/03/10","テスト15","交際費","カード",2109
"2022/03/11","テスト5","ファッション","カード",943
"2022/03/11","テスト6","娯楽","カード",192
"2022/03/11","テスト15","日用品","カード",4172
"2022/03/12","テスト21","食費","カード",3345
"2022/03/12","テスト6","通信","カード",375
"2022/03/13","テスト15","ファッション","カード",1290
"2022/03/13","テスト10","通信","カード",1254
"2022/03/13","テスト19","食費","カード",436
"2022/03/14","テスト11","ファッション","カード",1726
"2022/03/14","テスト15","食費","カード",1376
"2022/03/15","テスト8","娯楽","カード",5926
"2022/03/15","テスト15","日用品","カード",1280
"2022/03/15","テスト15","食費","カード",1675
"2022/03/15","テスト5","交際費","カード",2113
"2022/03/15","テスト8","通信","カード",3897
"2022/03/16","テスト15","交際費","カード",1896
"2022/03/17","テスト15","日用品","カード",1924
"2022/03/17","テスト5","交際費","カード",822
"2022/03/18","テスト11","交際費","カード",2211
"2022/03/18","テスト15","日用品","カード",1376
"2022/03/19","テスト15","日用品","カード",2004
"2022/03/20","テスト21","食費","カード",3352
"2022/03/20","テスト17","通信","カード",2589
"2022/03/23","テスト5","食費","カード",640
"2022/03/23","テスト8","通信","カード",5610
"2022/03/23","テスト15","ファッション","カード",1989
"2022/03/24","テスト15","食費","カード",1974
"2022/03/24","テスト5","ファッション","カード",688
"2022/03/25","テスト15","食費","カード",2152
"2022/03/25","テスト13","交通","現金",1740
"2022/03/26","テスト6","娯楽","カード",2760
"2022/03/26","テスト15","日用品","カード",2153
"2022/03/26","テスト6","娯楽","カード",400
"2022/03/26","テスト6","娯楽","カード",180
"2022/03/27","テスト6","娯楽","カード",1470
"2022/03/27","テスト21","日用品","カード",3750
"2022/03/28","テスト22","娯楽","カード",2700
"2022/03/28","テスト15","日用品","カード",1096
"2022/03/29","テスト15","日用品","カード",2073
"2022/03/29","テスト6","娯楽","カード",375
"2022/03/29","テスト8","通信","カード",7185
"2022/03/30","テスト15","ファッション","カード",1020
"2022/03/30","テスト11","食費","カード",1979
"2022/04/01","テスト21","食費","カード",6129
"2022/04/01","テスト6","通信","カード",1470
"2022/04/01","テスト2","通信","カード",5445
"2022/04/01","テスト3","住まい","現金",20000
"2022/04/03","テスト21","食費","カード",3870
"2022/04/03","テスト20","水道・光熱","現金",6000
"2022/04/04","テスト22","通信","カード",2700
"2022/04/05","テスト15","交際費","カード",1020
"2022/04/05","テスト5","食費","カード",1243
"2022/04/06","テスト15","日用品","カード",2140
"2022/04/06","テスト5","日用品","カード",934
"2022/04/06","テスト11","水道・光熱","カード",12237
"2022/04/07","テスト15","交際費","カード",1741
"2022/04/07","テスト15","日用品","カード",1169
"2022/04/08","テスト15","交際費","カード",1909
"2022/04/09","テスト21","日用品","カード",4915
"2022/04/11","テスト17","娯楽","カード",1683
"2022/04/11","テスト17","通信","カード",1868
"2022/04/12","テスト21","ファッション","カード",4851
"2022/04/13","テスト5","食費","カード",1156
"2022/04/13","テスト10","通信","カード",1254
"2022/04/15","テスト15","食費","カード",1376
"2022/04/15","テスト11","ファッション","カード",2013
"2022/04/16","テスト15","食費","カード",2267
"2022/04/18","テスト15","ファッション","カード",1065
"2022/04/19","テスト15","ファッション","カード",2343
"2022/04/19","テスト15","食費","カード",2073
"2022/04/21","テスト15","食費","カード",2364
"2022/04/22","テスト15","日用品","カード",1088
"2022/04/22","テスト15","交際費","カード",876
"2022/04/24","テスト15","交際費","カード",1572
"2022/04/24","テスト15","交際費","カード",2040
"2022/04/24","テスト11","日用品","カード",2982
"2022/04/25","テスト17","娯楽","カード",5265
"2022/04/25","テスト17","通信","カード",553
"2022/04/26","テスト11","交際費","カード",1642
"2022/04/26","テスト15","日用品","カード",2006
"2022/04/27","テスト15","ファッション","カード",1804
"2022/04/27","テスト5","日用品","カード",1129
"2022/04/30","テスト16","交通","カード",11440
"2022/05/01","テスト2","通信","カード",5808
"2022/05/01","テスト3","住まい","現金",10000
"2022/05/03","テスト24","ファッション","カード",18129
"2022/05/03","テスト23","ファッション","カード",14595
"2022/05/03","テスト10","通信","カード",2881
"2022/05/04","テスト10","娯楽","カード",179
"2022/05/06","テスト10","通信","カード",1326
"2022/05/06","テスト11","水道・光熱","カード",12721
"2022/05/06","テスト5","食費","カード",2067
"2022/05/08","テスト10","通信","カード",350
"2022/05/08","テスト10","娯楽","カード",649
"2022/05/09","テスト21","日用品","カード",4337
"2022/05/10","テスト11","日用品","カード",2736
"2022/05/13","テスト17","通信","カード",2964
"2022/05/13","テスト10","通信","カード",1337
"2022/05/15","テスト11","食費","カード",2657
"2022/05/15","テスト17","娯楽","カード",1731
"2022/05/17","テスト5","ファッション","カード",1155
"2022/05/19","テスト11","食費","カード",2713
"2022/05/21","テスト21","交際費","カード",4348
"2022/05/23","テスト21","日用品","カード",6414
"2022/05/24","テスト8","日用品","カード",2959
"2022/05/25","テスト13","交通","現金",5568
"2022/05/25","テスト21","交際費","カード",4404
"2022/05/31","テスト11","交際費","カード",2541
"2022/06/01","テスト2","通信","カード",5445
"2022/06/01","テスト11","日用品","カード",1816
"2022/06/02","テスト15","食費","カード",944
"2022/06/02","テスト5","ファッション","カード",1443
"2022/06/03","テスト27","日用品","現金",143334
"2022/06/03","テスト20","水道・光熱","現金",6400
"2022/06/04","テスト3","住まい","現金",10000
"2022/06/05","テスト21","食費","カード",4195
"2022/06/06","テスト8","娯楽","カード",4320
"2022/06/06","テスト11","水道・光熱","カード",15423
"2022/06/06","テスト8","娯楽","カード",2908
"2022/06/07","テスト15","日用品","カード",2128
"2022/06/07","テスト5","交際費","カード",1809
"2022/06/08","テスト15","交際費","カード",1995
"2022/06/08","テスト5","日用品","カード",566
"2022/06/09","テスト11","日用品","カード",1816
"2022/06/09","テスト15","交際費","カード",1485
"2022/06/10","テスト21","日用品","カード",4417
"2022/06/11","テスト17","娯楽","カード",798
"2022/06/12","テスト21","日用品","カード",3833
"2022/06/12","テスト17","通信","カード",3585
"2022/06/13","テスト10","娯楽","カード",1337
"2022/06/16","テスト11","ファッション","カード",3444
"2022/06/16","テスト15","食費","カード",1088
"2022/06/17","テスト21","ファッション","カード",4141
"2022/06/20","テスト11","ファッション","カード",2269
"2022/06/20","テスト15","食費","カード",1024
"2022/06/23","テスト11","ファッション","カード",1908
"2022/06/23","テスト21","食費","カード",5011
"2022/06/25","テスト17","娯楽","カード",3568
"2022/06/26","テスト11","交際費","カード",1957
"2022/06/27","テスト8","娯楽","カード",1287
"2022/06/27","テスト21","日用品","カード",4337
"2022/06/29","テスト15","日用品","カード",2208
"2022/06/29","テスト11","交際費","カード",1108
"2022/07/01","テスト2","通信","カード",5808
"2022/07/01","テスト15","交際費","カード",1020
"2022/07/01","テスト11","日用品","カード",2475
"2022/07/04","テスト3","住まい","現金",20000
"2022/07/04","テスト21","日用品","カード",5577
"2022/07/06","テスト11","水道・光熱","カード",16254
"2022/07/06","テスト10","娯楽","カード",1152
"2022/07/07","テスト15","食費","カード",2128
"2022/07/07","テスト11","ファッション","カード",1105
"2022/07/08","テスト15","食費","カード",1088
"2022/07/08","テスト11","ファッション","カード",1545
"2022/07/10","テスト15","ファッション","カード",2040
"2022/07/10","テスト11","食費","カード",2464
"2022/07/11","テスト21","ファッション","カード",5709
"2022/07/13","テスト10","娯楽","カード",1337
"2022/07/15","テスト15","交際費","カード",2415
"2022/07/15","テスト11","交際費","カード",1873
"2022/07/15","テスト17","通信","カード",956
"2022/07/16","テスト21","交際費","カード",5809
"2022/07/16","テスト8","通信","カード",5552
"2022/07/19","テスト11","交際費","カード",2251
"2022/07/19","テスト15","日用品","カード",1088
"2022/07/20","テスト11","交際費","カード",2448
"2022/07/20","テスト15","日用品","カード",1088
"2022/07/22","テスト21","日用品","カード",6265
"2022/07/23","テスト10","通信","カード",15000
"2022/07/24","テスト10","娯楽","カード",7110
"2022/07/24","テスト11","ファッション","カード",1767
"2022/07/25","テスト10","娯楽","カード",1020
"2022/07/25","テスト10","娯楽","カード",5478
"2022/07/25","テスト10","通信","カード",825
"2022/07/25","テスト8","通信","カード",994
"2022/07/26","テスト21","食費","カード",6211
"2022/07/26","テスト10","通信","カード",64
"2022/07/26","テスト10","娯楽","カード",3040
"2022/07/27","テスト20","水道・光熱","カード",5041
"2022/07/31","テスト8","娯楽","カード",573
"2022/07/31","テスト11","日用品","カード",2379
"2022/07/31","テスト15","日用品","カード",1376
"2022/08/01","テスト2","通信","カード",5445
"2022/08/02","テスト11","日用品","カード",3190
"2022/08/02","テスト15","交際費","カード",768
"2022/08/03","テスト11","交際費","カード",1560
"2022/08/03","テスト15","日用品","カード",1088
"2022/08/04","テスト3","住まい","現金",10000
"2022/08/06","テスト11","水道・光熱","カード",21217
"2022/08/08","テスト15","ファッション","カード",1020
"2022/08/08","テスト11","食費","カード",3929
"2022/08/10","テスト15","食費","カード",2176
"2022/08/10","テスト11","ファッション","カード",2620
"2022/08/11","テスト15","食費","カード",883
"2022/08/11","テスト11","ファッション","カード",1549
"2022/08/12","テスト11","食費","カード",1417
"2022/08/12","テスト15","ファッション","カード",828
"2022/08/13","テスト10","娯楽","カード",1337
"2022/08/15","テスト21","日用品","カード",4755
"2022/08/15","テスト11","交際費","カード",4452
"2022/08/15","テスト8","娯楽","カード",3219
"2022/08/16","テスト8","通信","カード",1952
"2022/08/18","テスト21","日用品","カード",6620
"2022/08/18","テスト11","交際費","カード",3184
"2022/08/20","テスト8","通信","カード",3648
"2022/08/20","テスト11","交際費","カード",1758
"2022/08/20","テスト15","交際費","カード",1020
"2022/08/22","テスト11","日用品","カード",1544
"2022/08/25","テスト11","ファッション","カード",2994
"2022/08/27","テスト15","食費","カード",1088
"2022/08/27","テスト8","食費","カード",862
"2022/08/27","テスト11","ファッション","カード",2517
"2022/08/28","テスト8","ファッション","カード",6120
"2022/08/28","テスト27","ファッション","カード",945
"2022/08/28","テスト11","食費","カード",2267
"2022/08/30","テスト27","食費","カード",1296
"2022/08/30","テスト11","ファッション","カード",2736
"2022/09/01","テスト2","通信","カード",5808
"2022/09/01","テスト27","交際費","カード",1530
"2022/09/01","テスト11","日用品","カード",1910
"2022/09/02","テスト27","交際費","カード",1215
"2022/09/02","テスト11","日用品","カード",1064
"2022/09/04","テスト3","住まい","現金",20000
"2022/09/06","テスト8","通信","カード",712
"2022/09/06","テスト11","交際費","カード",1392
"2022/09/06","テスト8","日用品","カード",6528
"2022/09/06","テスト11","水道・光熱","カード",19884
"2022/09/06","テスト8","娯楽","カード",814
"2022/09/08","テスト11","食費","カード",1400
"2022/09/08","テスト27","ファッション","カード",1530
"2022/09/10","テスト17","通信","カード",5326
"2022/09/10","テスト27","ファッション","カード",1530
"2022/09/10","テスト11","食費","カード",1880
"2022/09/11","テスト11","通信","カード",1623
"2022/09/11","テスト27","食費","カード",1632
"2022/09/12","テスト8","娯楽","カード",552
"2022/09/13","テスト10","通信","カード",1254
"2022/09/15","テスト27","食費","カード",1632
"2022/09/15","テスト8","娯楽","カード",1233
"2022/09/15","テスト11","日用品","カード",1707
"2022/09/17","テスト27","交際費","カード",1485
"2022/09/17","テスト11","日用品","カード",1369
"2022/09/18","テスト17","娯楽","カード",1063
"2022/09/18","テスト8","通信","カード",2136
"2022/09/18","テスト8","通信","カード",12174
"2022/09/18","テスト11","交際費","カード",1531
"2022/09/20","テスト8","ファッション","カード",6120
"2022/09/20","テスト11","日用品","カード",1512
"2022/09/20","テスト27","交際費","カード",1530
"2022/09/21","テスト8","通信","カード",3300
"2022/09/21","テスト8","娯楽","カード",795
"2022/09/22","テスト11","食費","カード",1304
"2022/09/22","テスト27","ファッション","カード",1530
"2022/09/24","テスト11","ファッション","カード",1500
"2022/09/24","テスト27","食費","カード",1632
"2022/09/25","テスト28","水道・光熱","カード",5134
"2022/09/25","テスト27","食費","カード",1632
"2022/09/25","テスト11","食費","カード",1737
"2022/09/25","テスト8","娯楽","カード",2550
"2022/09/26","テスト8","通信","カード",2958
"2022/09/29","テスト11","日用品","カード",2230
"2022/09/29","テスト29","交際費","カード",1096
"2022/09/30","テスト11","日用品","カード",1299
"2022/09/30","テスト8","娯楽","カード",5076
"2022/10/01","テスト2 1","通信","カード",5808
"2022/10/01","テスト8","娯楽","カード",2271
"2022/10/01","テスト8","娯楽","カード",730
"2022/10/03","テスト29","日用品","カード",172
"2022/10/03","テスト15","ファッション","カード",1732
"2022/10/03","テスト27","食費","カード",1632
"2022/10/04","テスト3","住まい","現金",10000
"2022/10/05","テスト11","食費","カード",2115
"2022/10/06","テスト11","水道・光熱","カード",12954
"2022/10/07","テスト11","食費","カード",3040
"2022/10/08","テスト29","食費","カード",1881
"2022/10/08","テスト21","ファッション","カード",3868
"2022/10/09","テスト11","ファッション","カード",1234
"2022/10/10","テスト8","娯楽","カード",1596
"2022/10/13","テスト10","娯楽","カード",1254
"2022/10/14","テスト11","交際費","カード",2097
"2022/10/14","テスト15","日用品","カード",1088
"2022/10/15","テスト15","日用品","カード",1088
"2022/10/17","テスト8","交際費","カード",6120
"2022/10/18","テスト11","日用品","カード",2043
"2022/10/18","テスト17","通信","カード",5908
"2022/10/18","テスト17","娯楽","カード",1926
"2022/10/19","テスト17","通信","カード",11384
"2022/10/19","テスト27","交際費","カード",1530
"2022/10/20","テスト17","通信","カード",8910
"2022/10/21","テスト17","娯楽","カード",2112
"2022/10/21","テスト17","通信","カード",1072
"2022/10/21","テスト17","娯楽","カード",4224
"2022/10/22","テスト15","食費","カード",1088
"2022/10/22","テスト17","通信","カード",2145
"2022/10/23","テスト27","ファッション","カード",1530
"2022/10/23","テスト8","通信","カード",3870
"2022/10/23","テスト11","食費","カード",1825
"2022/10/23","テスト8","娯楽","カード",2720
"2022/10/24","テスト10","娯楽","カード",2445
"2022/10/25","テスト15","交際費","カード",1020
"2022/10/25","テスト11","日用品","カード",2150
"2022/10/26","テスト10","娯楽","カード",52
"2022/10/26","テスト10","通信","カード",8176
"2022/10/26","テスト10","通信","カード",4576
"2022/10/27","テスト15","交際費","カード",1020
"2022/10/27","テスト17","通信","カード",1267
"2022/10/27","テスト8","交際費","カード",6120
"2022/10/28","テスト17","通信","カード",1161
"2022/10/29","テスト8","通信","カード",19140
"2022/10/30","テスト8","娯楽","カード",825
"2022/10/31","テスト10","通信","カード",4330
"2022/10/31","テスト15","ファッション","カード",1020
"2022/10/31","テスト10","通信","カード",504
"2022/10/31","テスト10","娯楽","カード",2880
"2022/10/31","テスト11","ファッション","カード",2464
"2022/10/31","テスト10","娯楽","カード",3024
"2022/10/31","テスト8","娯楽","カード",2880
"2022/11/01","テスト27","交際費","カード",1530
"2022/11/01","テスト2 1","通信","カード",5808
"2022/11/02","テスト15","交際費","カード",1020
"2022/11/02","テスト11","日用品","カード",1897
"2022/11/03","テスト8","娯楽","カード",12253
"2022/11/03","テスト15","日用品","カード",1088
"2022/11/04","テスト3","住まい","現金",20000
"2022/11/04","テスト11","日用品","カード",1233
"2022/11/06","テスト30","水道・光熱","カード",14004
"2022/11/07","テスト11","日用品","カード",1683
"2022/11/07","テスト8","交際費","カード",6120
"2022/11/07","テスト27","ファッション","カード",1530
"2022/11/10","テスト11","食費","カード",1248
"2022/11/12","テスト11","ファッション","カード",1341
"2022/11/12","テスト27","食費","カード",1632
"2022/11/13","テスト10","通信","カード",579
"2022/11/13","テスト10","娯楽","カード",948
"2022/11/13","テスト10","通信","カード",8722
"2022/11/13","テスト10","娯楽","カード",6116
"2022/11/13","テスト10","通信","カード",1254
"2022/11/15","テスト11","食費","カード",1835
"2022/11/17","テスト21","交際費","カード",4600
"2022/11/18","テスト15","交際費","カード",1020
"2022/11/18","テスト11","日用品","カード",1590
"2022/11/18","テスト8","日用品","カード",6528
"2022/11/21","テスト11","日用品","カード",2193
"2022/11/21","テスト27","交際費","カード",1530
"2022/11/23","テスト8","娯楽","カード",1680
"2022/11/24","テスト27","交際費","カード",1530
"2022/11/24","テスト17","通信","カード",1011
"2022/11/25","テスト28","水道・光熱","カード",5280
"2022/11/25","テスト13","交通","現金",13920
"2022/11/26","テスト15","食費","カード",1088
"2022/11/26","テスト11","ファッション","カード",1456
"2022/11/27","テスト5","食費","カード",545
"2022/11/27","テスト27","食費","カード",1632
"2022/11/27","テスト11","ファッション","カード",1425
"2022/11/28","テスト15","ファッション","カード",1020
"2022/11/28","テスト11","食費","カード",1281
"2022/12/01","テスト2 1","通信","カード",5445
"2022/12/02","テスト15","食費","カード",1088
"2022/12/02","テスト11","交際費","カード",1414
"2022/12/04","テスト15","交際費","カード",1020
"2022/12/04","テスト15","日用品","カード",1198
"2022/12/04","テスト8","日用品","カード",5222
"2022/12/04","テスト15","交際費","カード",447
"2022/12/04","テスト11","交際費","カード",1672
"2022/12/04","テスト3","住まい","現金",10000
"2022/12/05","テスト8","通信","カード",3451
"2022/12/06","テスト30","水道・光熱","カード",13189
"2022/12/07","テスト11","ファッション","カード",1887
"2022/12/07","テスト27","日用品","カード",1632
"2022/12/08","テスト11","食費","カード",908
"2022/12/08","テスト15","ファッション","カード",1020
"2022/12/12","テスト11","食費","カード",2108
"2022/12/12","テスト27","ファッション","カード",1635
"2022/12/12","テスト8","食費","カード",6528
"2022/12/13","テスト15","ファッション","カード",1980
"2022/12/13","テスト15","食費","カード",1088
"2022/12/13","テスト10","通信","カード",1254
"2022/12/14","テスト15","食費","カード",1088
"2022/12/15","テスト15","交際費","カード",1020
"2022/12/18","テスト11","交際費","カード",2052
"2022/12/18","テスト27","日用品","カード",1760
"2022/12/20","テスト11","日用品","カード",1747
"2022/12/23","テスト15","交際費","カード",1140
"2022/12/23","テスト11","日用品","カード",1112
"2022/12/24","テスト13","交通","現金",6960
"2022/12/25","テスト15","日用品","カード",1088
"2022/12/26","テスト11","交際費","カード",1299
"2022/12/26","テスト27","日用品","カード",1760
"2022/12/27","テスト27","食費","カード",1632
"2022/12/27","テスト11","ファッション","カード",505
"2023/01/01","テスト2","通信","カード",5808
"2023/01/04","テスト3","住まい","現金",10000
"2023/01/04","テスト23","ファッション","カード",11955
"2023/01/06","テスト30","食費","カード",14092
"2023/01/07","テスト15","食費","カード",1088
"2023/01/07","テスト11","ファッション","カード",2196
"2023/01/09","テスト15","娯楽","カード",7714
"2023/01/10","テスト11","交際費","カード",2406
"2023/01/10","テスト27","日用品","カード",1632
"2023/01/11","テスト11","交際費","カード",588
"2023/01/11","テスト15","日用品","カード",1088
"2023/01/12","テスト15","日用品","カード",1088
"2023/01/13","テスト10","娯楽","カード",1254
"2023/01/14","テスト15","交際費","カード",1020
"2023/01/14","テスト11","日用品","カード",1747
"2023/01/15","テスト27","日用品","カード",1632
"2023/01/17","テスト11","ファッション","カード",2016
"2023/01/17","テスト15","食費","カード",2176
"2023/01/18","テスト15","ファッション","カード",1020
"2023/01/18","テスト8","ファッション","カード",6120
"2023/01/18","テスト11","食費","カード",1675
"2023/01/19","テスト15","食費","カード",1088
"2023/01/22","テスト11","食費","カード",1571
"2023/01/22","テスト27","ファッション","カード",1530
"2023/01/24","テスト11","ファッション","カード",1357
"2023/01/25","テスト28","通信","カード",5179
"2023/01/25","テスト15","食費","カード",1088
"2023/01/25","テスト13","交通","現金",13920
"2023/01/27","テスト15","交際費","カード",1020
"2023/01/27","テスト11","日用品","カード",1812
"2023/01/28","テスト11","交際費","カード",1354
"2023/01/28","テスト15","日用品","カード",1088
"2023/01/30","テスト17","娯楽","カード",1894
"2023/01/31","テスト8","日用品","カード",7968
"2023/02/01","テスト15","日用品","カード",1088
"2023/02/01","テスト2","通信","カード",5445
"2023/02/03","テスト8","通信","カード",3265
"2023/02/04","テスト26","ファッション","カード",5040
"2023/02/04","テスト3","住まい","現金",20000
"2023/02/06","テスト30","水道・光熱","カード",16144
"2023/02/08","テスト15","食費","カード",1088
"2023/02/08","テスト11","ファッション","カード",2670
"2023/02/11","テスト8","娯楽","カード",673
"2023/02/11","テスト8","通信","カード",840
"2023/02/12","テスト27","ファッション","カード",1710
"2023/02/12","テスト11","食費","カード",2622
"2023/02/13","テスト10","娯楽","カード",1254
"2023/02/16","テスト11","交際費","カード",1429
"2023/02/16","テスト15","日用品","カード",1088
"2023/02/18","テスト15","交際費","カード",1020
"2023/02/18","テスト11","日用品","カード",1545
"2023/02/21","テスト11","日用品","カード",3076
"2023/02/21","テスト15","交際費","カード",2040
"2023/02/24","テスト8","日用品","カード",5742
"2023/02/24","テスト11","交際費","カード",2772
"2023/02/24","テスト15","日用品","カード",2176
"2023/02/25","テスト13","交通","現金",12992
"2023/02/25","テスト11","ファッション","カード",1260
"2023/02/25","テスト15","ファッション","カード",2040
"2023/02/28","テスト26","食費","カード",7104
"2023/02/28","テスト17","未設定","カード",1572
"2023/03/01","テスト2","通信","カード",5808
"2023/03/02","テスト27","食費","カード",1664
"2023/03/02","テスト11","ファッション","カード",1749
"2023/03/03","テスト11","交際費","カード",1065
"2023/03/03","テスト11","ファッション","カード",2578
"2023/03/03","テスト15","食費","カード",2176
"2023/03/04","テスト8","娯楽","カード",465
"2023/03/04","テスト3","住まい","現金",10000
"2023/03/05","テスト27","日用品","カード",1664
"2023/03/06","テスト30","水道・光熱","カード",15233
"2023/03/06","テスト27","医療","現金",4500
"2023/03/08","テスト26","交際費","カード",5599
"2023/03/11","テスト26","日用品","カード",6651
"2023/03/13","テスト10","娯楽","カード",1254
"2023/03/13","テスト17","通信","カード",1974
"2023/03/14","テスト27","食費","カード",1664
"2023/03/14","テスト8","通信","カード",1650
"2023/03/14","テスト11","ファッション","カード",2308
"2023/03/14","テスト17","通信","カード",3709
"2023/03/14","テスト8","娯楽","カード",1598
"2023/03/15","テスト8","食費","カード",6528
"2023/03/15","テスト8","通信","カード",1459
"2023/03/16","テスト15","ファッション","カード",1020
"2023/03/16","テスト11","食費","カード",1868
"2023/03/17","テスト11","交際費","カード",1732
"2023/03/17","テスト15","食費","カード",1376
"2023/03/21","テスト26","日用品","カード",6992
"2023/03/22","テスト15","日用品","カード",1088
"2023/03/22","テスト11","交際費","カード",1884
"2023/03/23","テスト11","交際費","カード",823
"2023/03/25","テスト28","水道・光熱","カード",4855
"2023/03/25","テスト11","交際費","カード",745
"2023/03/25","テスト27","日用品","カード",1664
"2023/03/25","テスト13","交通","現金",1856
"2023/03/25","テスト13","交通","現金",1523
"2023/03/26","テスト8","ファッション","カード",6120
"2023/03/27","テスト15","ファッション","カード",1020
"2023/03/27","テスト11","食費","カード",1171
"2023/03/29","テスト11","食費","カード",833
"2023/03/29","テスト15","ファッション","カード",1020
"2023/03/30","テスト15","食費","カード",1088
"2023/04/01","テスト2","通信","カード",5445
"2023/04/02","テスト11","食費","カード",1304
"2023/04/02","テスト26","ファッション","カード",6508
"2023/04/04","テスト3","住まい","現金",20000
"2023/04/05","テスト11","交際費","カード",1087
"2023/04/05","テスト15","日用品","カード",1088
"2023/04/06","テスト30","水道・光熱","カード",15247
"2023/04/06","テスト15","日用品","カード",1088
"2023/04/06","テスト27","医療","現金",4500
"2023/04/08","テスト11","日用品","カード",1355
"2023/04/08","テスト27","交際費","カード",1560
"2023/04/09","テスト8","交際費","カード",6120
"2023/04/09","テスト15","日用品","カード",1088
"2023/04/09","テスト11","日用品","カード",1260
"2023/04/12","テスト11","ファッション","カード",1054
"2023/04/13","テスト10","娯楽","カード",1337
"2023/04/16","テスト27","ファッション","カード",1560
"2023/04/16","テスト26","食費","カード",5755
"2023/04/19","テスト11","食費","カード",1033
"2023/04/19","テスト27","ファッション","カード",1560
"2023/04/20","テスト15","ファッション","カード",810
"2023/04/22","テスト11","食費","カード",1833
"2023/04/22","テスト15","ファッション","カード",810
"2023/04/23","テスト8","日用品","カード",2196
"2023/04/23","テスト26","食費","カード",8379
"2023/04/25","テスト13","交通","現金",6960
"2023/04/25","テスト8","日用品","カード",1846
"2023/04/26","テスト15","交際費","カード",720
"2023/04/26","テスト11","日用品","カード",974
"2023/04/27","テスト15","日用品","カード",864
"2023/04/30","テスト29","交際費","カード",8895
"2023/05/01","テスト2","通信","カード",5808
"2023/05/04","テスト23","ファッション","カード",11152
"2023/05/04","テスト3","住まい","現金",20000
"2023/05/05","テスト8","通信","カード",453
"2023/05/06","テスト27","医療","現金",4500
"2023/05/06","テスト15","ファッション","カード",1537
"2023/05/06","テスト30","水道・光熱","カード",15124
"2023/05/06","テスト11","食費","カード",1553
"2023/05/06","テスト17","通信","カード",975
"2023/05/07","テスト8","食費","カード",6528
"2023/05/08","テスト30","交際費","カード",580
"2023/05/08","テスト11","食費","カード",953
"2023/05/08","テスト27","ファッション","カード",1560
"2023/05/10","テスト15","日用品","カード",864
"2023/05/10","テスト11","交際費","カード",600
"2023/05/11","テスト18","娯楽","カード",5985
"2023/05/11","テスト15","日用品","カード",864
"2023/05/13","テスト27","交際費","カード",1560
"2023/05/13","テスト10","通信","カード",1337
"2023/05/13","テスト30","日用品","カード",1276
"2023/05/16","テスト11","日用品","カード",1012
"2023/05/16","テスト8","交際費","カード",6120
"2023/05/17","テスト15","ファッション","カード",810
"2023/05/17","テスト11","食費","カード",670
"2023/05/18","テスト15","ファッション","カード",720
"2023/05/20","テスト8","食費","カード",1598
"2023/05/20","テスト8","通信","カード",3300
"2023/05/21","テスト17","娯楽","カード",2553
"2023/05/22","テスト11","食費","カード",993
"2023/05/22","テスト15","ファッション","カード",1020
"2023/05/24","テスト30","食費","カード",1096
"2023/05/24","テスト15","日用品","カード",1396
"2023/05/24","テスト11","ファッション","カード",1287
"2023/05/24","テスト8","交際費","カード",6120
"2023/05/25","テスト13","交通","現金",14848
"2023/05/25","テスト15","交際費","カード",810
"2023/05/25","テスト28","水道・光熱","カード",4950
"2023/05/26","テスト8","通信","カード",3758
"2023/05/27","テスト15","日用品","カード",1088
"2023/05/27","テスト11","交際費","カード",2218
"2023/05/28","テスト31","ファッション","現金",3000
"2023/05/28","テスト11","日用品","カード",622
"2023/05/28","テスト15","交際費","カード",945
"2023/05/29","テスト27","食費","カード",1664
"2023/05/29","テスト11","ファッション","カード",292
"2023/05/30","テスト30","ファッション","現金",2624
"2023/05/31","テスト15","食費","カード",864
"2023/05/31","テスト11","ファッション","カード",672
"2023/06/01","テスト2","通信","カード",5808
"2023/06/01","テスト15","ファッション","カード",810
"2023/06/02","テスト8","ファッション","カード",6120
"2023/06/04","テスト27","食費","カード",1664
"2023/06/04","テスト3","住まい","現金",10000
"2023/06/04","テスト11","交際費","カード",778
"2023/06/05","テスト32","交通","カード",4500
"2023/06/06","テスト8","日用品","カード",1598
"2023/06/06","テスト27","医療","現金",4800
"2023/06/06","テスト30","水道・光熱","カード",14263
"2023/06/06","テスト11","交際費","カード",1384
"2023/06/06","テスト15","日用品","カード",1088
"2023/06/07","テスト11","交際費","カード",616
"2023/06/08","テスト32","交通","カード",4500
"2023/06/08","テスト15","日用品","カード",864
"2023/06/09","テスト33","娯楽","カード",44832
"2023/06/11","テスト15","ファッション","カード",1020
"2023/06/11","テスト8","食費","カード",6528
"2023/06/11","テスト11","ファッション","カード",583
"2023/06/12","テスト30","食費","カード",790
"2023/06/13","テスト32","交通","カード",8000
"2023/06/13","テスト33","食費","カード",4960
"2023/06/13","テスト10","ファッション","カード",1254
"2023/06/13","テスト15","交際費","カード",1020
"2023/06/14","テスト11","交際費","カード",834
"2023/06/14","テスト15","日用品","カード",864
"2023/06/15","テスト15","日用品","カード",1088
"2023/06/17","テスト15","交際費","カード",720
"2023/06/17","テスト34","医療","現金",4244
"2023/06/17","テスト11","日用品","カード",1062
"2023/06/18","テスト32","交通","カード",4500
"2023/06/18","テスト11","交際費","カード",1705
"2023/06/18","テスト35","ファッション","カード",748
"2023/06/18","テスト27","食費","カード",1664
"2023/06/19","テスト37","ファッション","カード",14685
"2023/06/21","テスト11","ファッション","カード",1066
"2023/06/21","テスト15","食費","カード",1572
"2023/06/22","テスト8","日用品","カード",2970
"2023/06/22","テスト15","食費","カード",1088
"2023/06/23","テスト32","交通","カード",8000
"2023/06/25","テスト11","食費","カード",1452
"2023/06/26","テスト8","日用品","カード",1598
"2023/06/26","テスト8","交際費","カード",6120
"2023/06/26","テスト38","ファッション","現金",8800
"2023/06/26","テスト11","交際費","カード",834
"2023/06/27","テスト26","交際費","カード",4281
"2023/06/28","テスト11","日用品","カード",2099
"2023/06/28","テスト6","娯楽","カード",450
"2023/06/28","テスト6","通信","カード",320
"2023/06/30","テスト32","交通","カード",7500
